colocation,memory,compute,startup_time,arrival_rate,throughput,average_latency,latencies,utilization
3,15,300,70173.682,2,1.423,84622.473,"[5253.438711166382, 6053.687572479248, 5650.667428970337, 5245.3649044036865, 6042.6084995269775, 5658.033609390259, 5253.875255584717, 6052.412509918213, 5655.085563659668, 5244.2426681518555, 6036.841630935669, 5645.247220993042, 5242.147207260132, 6039.579629898071, 5639.258623123169, 5236.739635467529, 6032.243490219116, 5639.108180999756, 5240.524768829346, 6040.884494781494, 5639.5885944366455, 5234.010934829712, 6031.246662139893, 5636.728763580322, 5233.996152877808, 6035.02082824707, 5642.2717571258545, 5233.743667602539, 6026.241779327393, 5630.104780197144]","[(1717844561.667854, 32), (1717844562.7085752, 0), (1717844563.7492917, 0), (1717844564.7912326, 0), (1717844565.831142, 0), (1717844566.8700197, 0), (1717844567.909368, 0), (1717844568.9476702, 0), (1717844569.986726, 0), (1717844571.0262728, 0), (1717844572.0655289, 0), (1717844573.1060972, 0), (1717844574.1483352, 0), (1717844575.1877685, 0), (1717844576.2273424, 0), (1717844577.2679586, 0), (1717844578.3060088, 93), (1717844579.3442867, 93), (1717844580.3817143, 92), (1717844581.4194245, 92), (1717844582.4574752, 78)]"
3,15,300,70173.682,4,2.332,152518.541,"[9479.84528541565, 10493.541240692139, 10682.997941970825, 9382.440567016602, 10483.537673950195, 10670.881032943726, 9375.311851501465, 10464.33138847351, 10662.664413452148, 9369.177103042603, 10466.204404830933, 10665.918111801147, 9362.555503845215, 10459.218740463257, 10658.149003982544, 9457.545042037964, 10463.456869125366, 10679.674625396729, 9357.00511932373, 10469.141721725464, 10665.863513946533, 9373.548746109009, 10451.622247695923, 10667.243719100952, 9360.288143157959, 10471.667528152466, 10654.207468032837, 9357.738733291626, 10467.21363067627, 10662.534952163696, 9353.666067123413, 10449.742078781128, 10654.528617858887, 9353.297472000122, 10466.014623641968, 10665.195226669312, 9349.67589378357, 10458.572387695312, 10662.347078323364, 9363.00778388977, 10465.628147125244, 10653.179168701172, 9353.852987289429, 10452.351570129395, 10643.87845993042, 9361.433267593384, 10453.445672988892, 10657.488346099854, 9361.43684387207, 10461.277961730957, 10648.516416549683, 9442.418098449707, 10449.429273605347, 10646.1820602417, 9368.404865264893, 10468.3837890625, 10669.199228286743, 9368.199348449707, 10467.9536819458, 10669.932126998901]","[(1717844583.498551, 0), (1717844584.5397959, 0), (1717844585.5812423, 0), (1717844586.6236897, 0), (1717844587.6634762, 0), (1717844588.7034707, 0), (1717844589.7429442, 0), (1717844590.7847989, 0), (1717844591.8270972, 0), (1717844592.866826, 0), (1717844593.9090073, 0), (1717844594.9501972, 0), (1717844595.991816, 0), (1717844597.03126, 0), (1717844598.0716817, 0), (1717844599.1142845, 0), (1717844600.1536162, 92), (1717844601.1926782, 93), (1717844602.231149, 93), (1717844603.2704701, 92), (1717844604.309102, 91), (1717844605.3482041, 93), (1717844606.3875675, 94), (1717844607.4273746, 93), (1717844608.467011, 85), (1717844609.507227, 65)]"
3,15,300,70173.682,6,2.954,225366.677,"[14726.907014846802, 15041.262149810791, 15419.41523551941, 14724.743127822876, 15043.483972549438, 15408.313274383545, 14711.835622787476, 14999.202966690063, 15395.410060882568, 14717.14997291565, 15001.956939697266, 15395.555019378662, 14725.96001625061, 15009.86933708191, 15433.151483535767, 14708.537578582764, 14991.671800613403, 15422.007083892822, 14716.062068939209, 15006.189107894897, 15427.615880966187, 14679.498434066772, 15027.100801467896, 15384.557008743286, 14713.71865272522, 15000.27871131897, 15413.937330245972, 14691.006183624268, 15015.368223190308, 15406.09335899353, 14681.086301803589, 14984.61651802063, 15383.055925369263, 14687.058687210083, 15020.395755767822, 15389.96410369873, 14703.248500823975, 14977.333307266235, 15419.223308563232, 14690.358877182007, 14983.910083770752, 15416.5198802948, 14668.764114379883, 14979.95376586914, 15379.392862319946, 14684.706449508667, 14996.225833892822, 15372.91693687439, 14669.978141784668, 14981.868982315063, 15383.100271224976, 14674.164295196533, 14969.171285629272, 15376.84154510498, 14672.010660171509, 14984.228372573853, 15407.310962677002, 14691.91861152649, 14991.11008644104, 15378.255128860474, 14663.443088531494, 14969.759941101074, 15370.137929916382, 14675.725936889648, 14973.855018615723, 15371.53959274292, 14660.37106513977, 14975.929260253906, 15400.644063949585, 14682.663917541504, 14983.059644699097, 15365.004062652588, 14666.89920425415, 14971.65298461914, 15358.855724334717, 14666.9442653656, 15000.76675415039, 15378.915309906006, 14654.810428619385, 14973.45232963562, 15368.353366851807, 14675.853967666626, 14971.769332885742, 15401.204347610474, 14656.5101146698, 14978.98244857788, 15370.586156845093, 14683.11333656311, 14981.670618057251, 15391.040325164795]","[(1717844610.5520084, 0), (1717844611.5939565, 0), (1717844612.6343613, 0), (1717844613.6756434, 0), (1717844614.7193093, 0), (1717844615.7610528, 0), (1717844616.8023205, 0), (1717844617.8443675, 0), (1717844618.8872285, 0), (1717844619.9286063, 0), (1717844620.9717567, 0), (1717844622.011977, 0), (1717844623.053406, 0), (1717844624.0951548, 0), (1717844625.1371512, 0), (1717844626.1780996, 0), (1717844627.2218587, 94), (1717844628.2622254, 92), (1717844629.3023307, 93), (1717844630.342206, 95), (1717844631.3816912, 92), (1717844632.4209793, 93), (1717844633.4612038, 95), (1717844634.5030768, 93), (1717844635.544808, 92), (1717844636.5854297, 93), (1717844637.6254592, 95), (1717844638.6659384, 94), (1717844639.7085428, 94), (1717844640.752216, 75)]"
3,15,300,70173.682,8,3.288,249883.841,"[20365.191221237183, 16917.789220809937, 11936.232805252075, 16106.674909591675, 21464.706897735596, 20953.580141067505, 16109.487533569336, 16909.078359603882, 11905.8837890625, 20358.930349349976, 16939.65244293213, 11909.544229507446, 16101.529598236084, 21458.39786529541, 11926.708459854126, 16016.884326934814, 16924.649477005005, 11899.082899093628, 16025.243997573853, 16936.92111968994, 20949.363231658936, 16028.434753417969, 16921.605348587036, 20936.90037727356, 20345.137119293213, 21446.738719940186, 20932.129621505737, 16035.247325897217, 16936.2370967865, 20946.277379989624, 16021.09408378601, 16934.176206588745, 11910.127401351929, 20340.84916114807, 16932.31773376465, 20937.21914291382, 16013.200283050537, 16903.242826461792, 11914.091348648071, 20340.746641159058, 16926.77903175354, 20941.968202590942, 16012.848615646362, 21440.112113952637, 11910.913705825806, 20330.98793029785, 16923.394441604614, 11878.931760787964, 15996.12307548523, 16918.687343597412, 20934.511423110962, 16072.154998779297, 16908.84757041931, 20929.57091331482, 16080.149412155151, 16878.51858139038, 11867.721319198608, 15990.883588790894, 16887.378454208374, 20914.85548019409, 15995.218753814697, 16899.503231048584, 11899.812698364258, 15995.092391967773, 16889.54448699951, 11902.430057525635, 16002.915382385254, 16878.693342208862, 11880.131721496582, 16006.43515586853, 16912.320375442505, 11898.663520812988, 16077.430248260498, 16907.90820121765, 11865.733861923218, 15982.217788696289, 16898.288011550903, 11862.260818481445, 20317.604780197144, 16871.30379676819, 20902.735471725464, 15980.855226516724, 16880.417823791504, 11892.337799072266, 15998.541831970215, 16909.84034538269, 11869.518041610718, 16065.871715545654, 16874.187231063843, 11869.195938110352, 16056.912899017334, 16875.776529312134, 11861.319303512573, 15988.280534744263, 21413.45167160034, 20907.99617767334, 15980.893850326538, 16900.510787963867, 11855.157852172852, 16001.063346862793, 16864.485025405884, 20906.78310394287, 15982.276678085327, 16870.15128135681, 11875.558137893677, 16064.304828643799, 21410.49551963806, 11860.356092453003, 16061.545372009277, 16878.29303741455, 20904.66547012329, 15968.596935272217, 21409.567832946777, 20904.598712921143, 15971.116065979004, 16868.98136138916, 11848.523378372192, 15995.710611343384, 16862.094163894653, 20897.606372833252]","[(1717844641.7976353, 0), (1717844642.841019, 0), (1717844643.8821912, 0), (1717844644.924499, 0), (1717844645.9679215, 0), (1717844647.009078, 0), (1717844648.054977, 0), (1717844649.096613, 0), (1717844650.1395488, 0), (1717844651.1832743, 0), (1717844652.2260501, 0), (1717844653.2698622, 0), (1717844654.3108547, 0), (1717844655.3560584, 0), (1717844656.3973136, 0), (1717844657.4421, 11), (1717844658.4845052, 94), (1717844659.5257459, 94), (1717844660.5695913, 94), (1717844661.6122835, 96), (1717844662.6533082, 94), (1717844663.6933002, 91), (1717844664.7358766, 95), (1717844665.7826002, 92), (1717844666.827917, 92), (1717844667.8706975, 92), (1717844668.912417, 95), (1717844669.9492035, 79), (1717844670.9848707, 92), (1717844672.022886, 92), (1717844673.062891, 91), (1717844674.1025066, 72), (1717844675.1411374, 92), (1717844676.182743, 95), (1717844677.22106, 97), (1717844678.2602284, 62)]"
3,15,300,70173.682,10,2.957,343158.546,"[15068.805932998657, 21676.62262916565, 20387.99738883972, 15052.942037582397, 21676.48935317993, 20432.591438293457, 15066.423416137695, 35599.78938102722, 20342.5395488739, 15059.676170349121, 35606.38093948364, 20341.405153274536, 23464.42174911499, 35593.708992004395, 20334.52296257019, 23463.671684265137, 35592.48971939087, 32191.280603408813, 23463.75560760498, 35605.60989379883, 20341.08018875122, 23473.499536514282, 21641.21913909912, 20366.639375686646, 15044.059991836548, 21656.795501708984, 20365.72766304016, 15043.892621994019, 21658.989191055298, 32181.49471282959, 15006.617784500122, 21727.399349212646, 20361.759662628174, 15004.479885101318, 35586.676359176636, 20333.19139480591, 23467.52166748047, 21731.09483718872, 20322.68476486206, 23455.109119415283, 21644.708156585693, 20355.79013824463, 15042.498588562012, 35585.527181625366, 32178.41649055481, 23455.72018623352, 21625.42414665222, 20352.649927139282, 23464.37430381775, 21724.114656448364, 20324.8770236969, 23456.682205200195, 21646.010875701904, 20317.347288131714, 14997.851848602295, 35569.0381526947, 20352.51235961914, 15029.04224395752, 21717.89598464966, 20317.992210388184, 15012.508392333984, 35574.24092292786, 20344.626903533936, 15025.062322616577, 21639.615774154663, 20339.698553085327, 15031.439781188965, 35569.58079338074, 32180.454969406128, 15018.445014953613, 21635.668516159058, 32158.088207244873, 15011.597633361816, 21711.60888671875, 20341.102600097656, 14987.135171890259, 21713.81974220276, 32155.034065246582, 15022.138357162476, 35566.0035610199, 20311.13839149475, 15012.831687927246, 21633.431434631348, 32154.96253967285, 15022.404193878174, 21623.87704849243, 32164.926290512085, 23444.66757774353, 21633.840799331665, 32154.683351516724, 15017.649412155151, 21709.91849899292, 20305.38320541382, 14992.766618728638, 21694.38600540161, 20324.170351028442, 23427.295923233032, 21704.562664031982, 32155.410289764404, 23439.634084701538, 35559.640645980835, 32162.656784057617, 15017.953872680664, 21607.2678565979, 32148.353099822998, 15007.4303150177, 21628.337860107422, 32165.523052215576, 15018.514156341553, 35559.537172317505, 32155.88927268982, 14989.848613739014, 21702.094078063965, 20299.100160598755, 14974.286317825317, 21682.022094726562, 32144.76752281189, 14997.588634490967, 35544.55280303955, 20288.436889648438, 23419.99316215515, 21616.076469421387, 32148.001670837402, 15003.570079803467, 21613.15941810608, 32151.930809020996, 23428.00521850586, 21694.132566452026, 20321.83599472046, 23422.536849975586, 35556.748390197754, 20282.53984451294, 14976.644039154053, 21685.540676116943, 20282.416820526123, 23431.11753463745, 21610.32795906067, 20313.932180404663, 14989.925384521484, 35632.288217544556, 20295.17936706543, 14961.704015731812, 35551.31530761719, 20309.59391593933, 14999.188423156738, 21687.23177909851, 20319.325923919678, 23424.77774620056, 21599.499225616455, 20287.77503967285]","[(1717844679.3001716, 0), (1717844680.3401566, 0), (1717844681.3797748, 0), (1717844682.417949, 0), (1717844683.4577081, 0), (1717844684.4993994, 0), (1717844685.5369523, 0), (1717844686.5749836, 0), (1717844687.6145897, 0), (1717844688.654659, 0), (1717844689.6944268, 0), (1717844690.7335045, 0), (1717844691.775833, 0), (1717844692.8136973, 0), (1717844693.8512616, 0), (1717844694.8904455, 0), (1717844695.9271014, 81), (1717844696.965151, 84), (1717844698.0030184, 80), (1717844699.0393217, 81), (1717844700.0765474, 86), (1717844701.115352, 87), (1717844702.1545696, 88), (1717844703.1945882, 89), (1717844704.2343438, 87), (1717844705.274515, 92), (1717844706.3137836, 88), (1717844707.3535297, 89), (1717844708.393122, 90), (1717844709.433546, 92), (1717844710.4741232, 56), (1717844711.5142357, 91), (1717844712.5535698, 93), (1717844713.5935805, 93), (1717844714.635915, 93), (1717844715.673573, 75), (1717844716.712438, 86), (1717844717.7522907, 95), (1717844718.7928874, 55), (1717844719.8330796, 50), (1717844720.8715878, 52), (1717844721.9116178, 49), (1717844722.9505363, 49), (1717844723.9882605, 49), (1717844725.028698, 44), (1717844726.0688524, 48), (1717844727.10624, 32), (1717844728.147997, 25), (1717844729.184505, 30), (1717844730.2237597, 25)]"
3,15,300,70173.682,12,3.11,406676.455,"[27458.130598068237, 21821.216583251953, 40119.20523643494, 27450.824737548828, 21781.90279006958, 21291.144132614136, 27418.521642684937, 21783.076286315918, 21291.948795318604, 14726.981163024902, 21779.637813568115, 40131.9899559021, 14737.363576889038, 42834.02466773987, 40112.35451698303, 27435.81247329712, 21809.55719947815, 40116.51968955994, 27348.722457885742, 21811.630964279175, 21284.692764282227, 14688.332557678223, 42756.58297538757, 21280.317783355713, 27423.049449920654, 42831.85434341431, 40105.833292007446, 27427.887201309204, 42745.77307701111, 40100.67653656006, 14726.072788238525, 42840.078592300415, 40093.10340881348, 27421.00501060486, 21768.211126327515, 40120.20778656006, 14706.942558288574, 21769.609689712524, 21278.116941452026, 27425.777912139893, 21769.66404914856, 21263.50474357605, 27431.283950805664, 21764.878511428833, 21270.178079605103, 14673.815488815308, 42731.73975944519, 21263.62371444702, 14710.457563400269, 42811.90371513367, 21270.35665512085, 14703.031778335571, 21754.066228866577, 21275.957584381104, 14709.831714630127, 21799.060583114624, 21261.297941207886, 14713.81402015686, 21786.11660003662, 40085.13855934143, 14713.299036026001, 21759.08875465393, 21265.204906463623, 14702.799081802368, 21787.747621536255, 21227.423667907715, 27416.93639755249, 21750.33736228943, 21271.209001541138, 14699.509620666504, 42732.20205307007, 21255.971431732178, 14668.089628219604, 42809.06796455383, 21264.304637908936, 14705.029726028442, 21787.768840789795, 40082.019567489624, 14664.916276931763, 21785.541534423828, 40091.74203872681, 27421.109437942505, 21774.653434753418, 21263.51809501648, 14700.150489807129, 21747.328281402588, 21247.907638549805, 14696.383237838745, 21780.1570892334, 40092.2110080719, 27315.6898021698, 42718.91498565674, 21256.94227218628, 27404.35791015625, 42797.003507614136, 40079.42509651184, 27402.262449264526, 21782.290935516357, 40073.58527183533, 27307.965993881226, 42803.20119857788, 21260.085582733154, 14689.698696136475, 42712.68177032471, 21233.38222503662, 27314.314126968384, 42708.84561538696, 21253.323554992676, 14696.949481964111, 42796.998739242554, 21244.817972183228, 14689.98908996582, 21761.605501174927, 21242.417335510254, 27406.110763549805, 21771.574020385742, 40071.234703063965, 27394.04535293579, 21742.887258529663, 21245.859146118164, 27296.380519866943, 21733.710050582886, 40075.87456703186, 27398.319721221924, 42712.109327316284, 40055.38272857666, 14680.81545829773, 42788.58137130737, 21232.657194137573, 14646.259784698486, 42699.342012405396, 40078.866481781006, 14676.168203353882, 21725.971460342407, 21244.825839996338, 14681.556224822998, 21734.18688774109, 21229.4704914093, 14639.800548553467, 21765.798807144165, 40075.82211494446, 14681.35404586792, 42790.62247276306, 21223.151683807373, 27275.023221969604, 42686.6991519928, 40048.63405227661, 27358.015775680542, 21747.448921203613, 40032.6931476593, 14655.145645141602, 21740.87905883789, 21204.010248184204, 14652.538537979126, 42678.72929573059, 21225.60405731201, 14650.106430053711, 42761.903047561646, 40043.280601501465, 14660.17746925354, 21745.765924453735, 40116.936922073364, 27267.49563217163, 21743.196487426758, 40048.33674430847, 27352.919101715088, 42676.85079574585, 21209.327459335327, 27274.26838874817, 42771.198749542236, 21217.742681503296, 14657.824516296387, 42762.61806488037, 40041.79525375366, 14633.724451065063, 42766.52956008911, 40024.80387687683, 27263.458490371704, 42763.08369636536, 40045.16673088074]","[(1717844731.266371, 0), (1717844732.3075004, 0), (1717844733.3507261, 0), (1717844734.3908458, 0), (1717844735.430527, 0), (1717844736.470126, 0), (1717844737.511062, 0), (1717844738.5539365, 0), (1717844739.5944755, 0), (1717844740.6341407, 0), (1717844741.674379, 0), (1717844742.7153027, 0), (1717844743.758531, 0), (1717844744.800509, 0), (1717844745.8400106, 0), (1717844746.8826928, 0), (1717844747.9236658, 72), (1717844748.9642787, 81), (1717844750.0036278, 47), (1717844751.043323, 84), (1717844752.083518, 84), (1717844753.1235714, 80), (1717844754.1625683, 90), (1717844755.203731, 83), (1717844756.2450707, 91), (1717844757.2870321, 90), (1717844758.3293738, 89), (1717844759.3693273, 90), (1717844760.4097688, 91), (1717844761.4532616, 85), (1717844762.4966238, 57), (1717844763.5373876, 90), (1717844764.5780833, 90), (1717844765.6205394, 88), (1717844766.6625793, 89), (1717844767.7046883, 90), (1717844768.7440348, 46), (1717844769.78609, 91), (1717844770.8289964, 90), (1717844771.8734157, 92), (1717844772.916119, 93), (1717844773.9579442, 92), (1717844775.0000424, 58), (1717844776.0433981, 55), (1717844777.0865872, 48), (1717844778.1305647, 46), (1717844779.1733463, 44), (1717844780.2166362, 46), (1717844781.2574763, 44), (1717844782.30008, 44), (1717844783.3440843, 52), (1717844784.3854046, 50), (1717844785.4289548, 49), (1717844786.4724562, 55), (1717844787.5169623, 24), (1717844788.559081, 24)]"
3,15,300,70173.682,14,3.332,453098.832,"[15573.351383209229, 22606.091022491455, 42384.93800163269, 15543.560266494751, 22594.02561187744, 20803.675413131714, 15568.66192817688, 22669.623136520386, 42378.54862213135, 31321.87795639038, 22659.982919692993, 20794.840812683105, 15536.15140914917, 47990.724325180054, 42371.819496154785, 15544.570207595825, 22581.146240234375, 42332.93008804321, 15581.56132698059, 44157.827377319336, 20793.128728866577, 15578.003883361816, 22662.689685821533, 42360.252380371094, 15572.966814041138, 22588.080406188965, 42369.333028793335, 31407.094478607178, 44180.77063560486, 42362.0069026947, 31401.923894882202, 22661.242485046387, 42345.76463699341, 15569.77915763855, 22648.385524749756, 20775.758266448975, 31395.07746696472, 44152.93025970459, 42320.62768936157, 15530.333518981934, 22575.095653533936, 42356.250047683716, 31319.459915161133, 22575.855493545532, 42355.18145561218, 31331.844091415405, 44231.09245300293, 42325.17194747925, 15521.586656570435, 22574.554204940796, 20739.665269851685, 15537.730932235718, 44226.85623168945, 46161.332845687866, 15530.753374099731, 22564.205646514893, 42348.960638046265, 31301.62286758423, 22648.37121963501, 46150.47574043274, 15550.925254821777, 44139.10675048828, 42347.30052947998, 15524.874925613403, 22559.337615966797, 20759.666681289673, 31326.07078552246, 22637.58087158203, 20734.397172927856, 34321.32935523987, 44216.09592437744, 20742.530584335327, 31307.31701850891, 44213.982582092285, 20737.41388320923, 31307.059049606323, 22633.524417877197, 42310.66870689392, 15549.65591430664, 22644.191026687622, 20763.511896133423, 15553.348302841187, 44161.36431694031, 20725.93092918396, 31378.177881240845, 22563.100576400757, 20726.492404937744, 31285.37893295288, 44158.44821929932, 20724.51686859131, 31304.529190063477, 22618.038415908813, 20758.846759796143, 15548.645496368408, 22624.58896636963, 20758.31913948059, 31297.951698303223, 22552.6340007782, 42308.71891975403, 31302.20103263855, 44153.22256088257, 42341.94731712341, 31281.320810317993, 44128.183126449585, 42342.56625175476, 34315.6852722168, 47944.91100311279, 46143.71609687805, 15519.85478401184, 44199.400424957275, 20727.198600769043, 15520.5397605896, 44129.00137901306, 20759.866952896118, 31290.837287902832, 44127.89797782898, 42319.522857666016, 31295.947551727295, 22538.80000114441, 42332.54289627075, 31305.6161403656, 44123.87251853943, 20749.14050102234, 34302.45542526245, 44105.6969165802, 42336.69209480286, 15512.217283248901, 22544.69633102417, 20744.76981163025, 15538.238048553467, 22617.08688735962, 42329.57911491394, 31268.232107162476, 22617.888927459717, 20718.680143356323, 31362.003087997437, 44117.90657043457, 20747.87998199463, 15517.043828964233, 22617.361068725586, 20752.19702720642, 15526.197910308838, 22534.485816955566, 42290.69972038269, 15532.875299453735, 44097.482681274414, 42326.79605484009, 31272.791624069214, 44111.318826675415, 42291.21160507202, 15513.542413711548, 44190.91796875, 42316.66898727417, 31284.960985183716, 44192.163705825806, 20708.466291427612, 31286.72742843628, 22603.458642959595, 20739.98761177063, 15519.696474075317, 44185.410022735596, 46109.901666641235, 31356.420278549194, 44119.75312232971, 42323.57597351074, 31273.087739944458, 44178.09581756592, 42321.15936279297, 31287.785053253174, 22528.44524383545, 42280.81464767456, 31270.40147781372, 22537.046909332275, 20739.673137664795, 15509.946346282959, 47926.38301849365, 42311.37442588806, 15483.242511749268, 44124.454975128174, 20735.75448989868, 31272.401571273804, 22599.21383857727, 42316.44892692566, 31344.732761383057, 44123.08931350708, 20695.6307888031, 15479.779958724976, 47911.4785194397, 20696.744203567505, 31255.361795425415, 44114.569425582886, 20692.77024269104, 15512.074947357178, 44123.79765510559, 20733.18076133728, 15509.790658950806, 44113.688945770264, 42276.57723426819, 31276.56102180481, 22586.87162399292, 20725.537538528442, 15478.60312461853, 44121.68502807617, 42266.28398895264, 31262.58873939514, 44099.17068481445, 20722.954034805298, 34281.696796417236, 44090.43622016907, 20688.63081932068]","[(1717844789.6093745, 10), (1717844790.6551993, 0), (1717844791.702803, 0), (1717844792.7459598, 0), (1717844793.7910151, 0), (1717844794.8345463, 0), (1717844795.8800912, 0), (1717844796.9286265, 0), (1717844797.9724174, 0), (1717844799.0188015, 0), (1717844800.0640469, 0), (1717844801.1071005, 0), (1717844802.1520007, 0), (1717844803.1951509, 0), (1717844804.235106, 0), (1717844805.2758522, 0), (1717844806.3176043, 87), (1717844807.3577256, 85), (1717844808.397869, 88), (1717844809.4371245, 89), (1717844810.4768605, 83), (1717844811.5166214, 88), (1717844812.5560613, 88), (1717844813.5962775, 88), (1717844814.6385422, 83), (1717844815.6771524, 90), (1717844816.7173588, 89), (1717844817.7563968, 85), (1717844818.795462, 86), (1717844819.836445, 89), (1717844820.8753903, 57), (1717844821.9156005, 83), (1717844822.954807, 87), (1717844823.9938695, 89), (1717844825.0359266, 88), (1717844826.0739517, 72), (1717844827.1142101, 88), (1717844828.1533976, 75), (1717844829.193786, 92), (1717844830.235082, 91), (1717844831.2746105, 92), (1717844832.3143463, 94), (1717844833.353366, 92), (1717844834.3931983, 92), (1717844835.4336967, 93), (1717844836.4725585, 93), (1717844837.5128262, 92), (1717844838.5523965, 94), (1717844839.5921679, 73), (1717844840.631812, 61), (1717844841.6706185, 49), (1717844842.708993, 51), (1717844843.7504067, 55), (1717844844.7891989, 56), (1717844845.8298304, 62), (1717844846.869039, 57), (1717844847.908822, 35), (1717844848.9507024, 53), (1717844849.9904623, 29), (1717844851.0293589, 57), (1717844852.0689342, 27)]"
3,15,300,70173.682,16,3.266,487421.557,"[15298.165082931519, 19378.43155860901, 22095.925331115723, 31079.666137695312, 19385.167837142944, 46303.797483444214, 31038.11001777649, 39753.14402580261, 46382.540225982666, 31068.012714385986, 39753.54838371277, 22009.631872177124, 15302.194356918335, 19367.690324783325, 22003.52668762207, 31063.891410827637, 39789.52717781067, 22003.936767578125, 15265.875577926636, 50818.32242012024, 58439.40877914429, 15293.660879135132, 39788.3026599884, 58433.233976364136, 15278.135538101196, 39784.512519836426, 58428.57480049133, 38581.395864486694, 39785.951375961304, 21989.957571029663, 15246.263265609741, 39785.43710708618, 46367.8765296936, 31062.10446357727, 19351.458072662354, 46388.18597793579, 31054.823637008667, 50795.1295375824, 58428.62319946289, 38573.75121116638, 19391.896963119507, 21992.891788482666, 15245.469093322754, 39776.64875984192, 58426.94044113159, 38547.01280593872, 50797.89900779724, 46387.336015701294, 38570.63269615173, 19394.532918930054, 46353.42264175415, 31016.581296920776, 39733.35862159729, 46356.01210594177, 31014.64581489563, 39769.95229721069, 46336.676597595215, 38567.94738769531, 19390.787839889526, 21994.858026504517, 15238.083839416504, 39758.85581970215, 46346.72474861145, 38564.719915390015, 19383.338689804077, 58412.35136985779, 15245.283365249634, 19370.32461166382, 46346.41528129578, 15230.76844215393, 50788.99145126343, 21985.681533813477, 31013.0615234375, 19382.34257698059, 22047.032117843628, 31010.215759277344, 19354.34889793396, 58419.59547996521, 15233.560562133789, 19376.02710723877, 46349.69449043274, 15224.062442779541, 19337.9807472229, 46365.88454246521, 31033.68067741394, 39725.36015510559, 58402.54998207092, 15262.2549533844, 39720.63422203064, 21978.31964492798, 31033.41841697693, 50774.39093589783, 22038.702726364136, 31035.120725631714, 50858.48641395569, 46346.19474411011, 15223.355770111084, 39758.90040397644, 22050.73833465576, 15239.161252975464, 50779.86025810242, 22048.12479019165, 38552.268505096436, 19368.632078170776, 46326.50804519653, 30986.4559173584, 39713.436126708984, 46336.04311943054, 30990.6063079834, 19329.965353012085, 21969.647645950317, 15245.697975158691, 19344.375133514404, 46345.081090927124, 38521.91925048828, 19345.08490562439, 22026.253700256348, 31025.038719177246, 19325.92511177063, 46338.50288391113, 31027.014017105103, 19326.984405517578, 58394.97423171997, 15210.720300674438, 50767.11678504944, 46328.02867889404, 15247.43628501892, 19326.748371124268, 21968.808889389038, 15243.013143539429, 39748.87466430664, 21952.964544296265, 15240.105867385864, 50773.34403991699, 46335.583209991455, 15235.084772109985, 39738.27242851257, 22025.370359420776, 15251.946210861206, 19325.51121711731, 21961.92502975464, 30979.60090637207, 39732.73849487305, 22036.93723678589, 15213.41609954834, 19355.435371398926, 46351.43733024597, 38528.677463531494, 39731.183767318726, 46241.77575111389, 15232.64455795288, 39727.4649143219, 46242.971897125244, 30996.436595916748, 19338.616132736206, 21951.847791671753, 31009.005546569824, 19329.617977142334, 21942.569494247437, 30981.21428489685, 50759.88411903381, 58394.37174797058, 38529.19673919678, 39731.825828552246, 46239.36414718628, 15200.879096984863, 19311.199188232422, 46321.44618034363, 38514.16873931885, 39718.846797943115, 46339.87307548523, 15208.886623382568, 19328.688383102417, 22016.32833480835, 31009.394884109497, 39725.43168067932, 46326.25460624695, 30993.996381759644, 39727.34546661377, 21933.539152145386, 38523.584842681885, 39711.42792701721, 46334.63430404663, 38502.678871154785, 19317.420959472656, 46317.93928146362, 30993.738889694214, 19341.681003570557, 46303.91478538513, 15204.097270965576, 19334.340810775757, 22013.418912887573, 30993.130207061768, 50740.44370651245, 46335.113763809204, 30965.121269226074, 39714.72764015198, 58376.033544540405, 31000.730991363525, 19336.827278137207, 21999.30500984192, 15197.76964187622, 39681.933879852295, 21941.266775131226, 30963.231801986694, 50746.092319488525, 22015.419483184814, 15189.348936080933, 19298.93708229065, 22008.89229774475, 30994.31800842285, 19320.131301879883, 22009.24587249756, 30995.45645713806, 50734.694719314575, 21931.727170944214, 15211.695194244385, 39705.22594451904, 21923.6319065094, 15195.66297531128, 39704.7233581543, 58366.722106933594, 15211.50803565979, 39674.17788505554, 46324.97692108154, 30986.75537109375, 19294.586420059204, 58356.350898742676, 30959.22613143921, 39698.04644584656, 46212.58521080017, 30991.36447906494, 39712.48984336853, 58360.963106155396, 38486.65475845337, 50821.28643989563, 21989.152431488037, 15192.73829460144, 39700.68073272705, 46321.15983963013]","[(1717844853.1116238, 0), (1717844854.1532028, 0), (1717844855.1946294, 0), (1717844856.2354817, 0), (1717844857.275069, 0), (1717844858.315258, 0), (1717844859.3571112, 0), (1717844860.4009104, 0), (1717844861.440318, 0), (1717844862.4865713, 0), (1717844863.5276601, 0), (1717844864.5675035, 0), (1717844865.6069043, 0), (1717844866.6466162, 0), (1717844867.6865938, 0), (1717844868.7298236, 0), (1717844869.7721176, 88), (1717844870.815541, 87), (1717844871.8587768, 87), (1717844872.9018624, 88), (1717844873.9429688, 89), (1717844874.9845793, 84), (1717844876.0256827, 90), (1717844877.066633, 90), (1717844878.107697, 90), (1717844879.1487713, 87), (1717844880.1914225, 89), (1717844881.235774, 86), (1717844882.2774405, 88), (1717844883.319814, 89), (1717844884.3623652, 59), (1717844885.4048057, 86), (1717844886.4457803, 87), (1717844887.4877663, 90), (1717844888.5276456, 71), (1717844889.5704315, 91), (1717844890.6139374, 91), (1717844891.656671, 77), (1717844892.6980717, 90), (1717844893.7417939, 91), (1717844894.7844052, 92), (1717844895.8266423, 90), (1717844896.873444, 93), (1717844897.9161365, 95), (1717844898.9598548, 93), (1717844900.0015106, 62), (1717844901.0437388, 85), (1717844902.0905566, 93), (1717844903.1335151, 93), (1717844904.1773593, 93), (1717844905.2194748, 93), (1717844906.265176, 95), (1717844907.3123987, 71), (1717844908.3540125, 38), (1717844909.3955245, 43), (1717844910.439635, 52), (1717844911.4833097, 47), (1717844912.528417, 45), (1717844913.5704582, 47), (1717844914.6145055, 51), (1717844915.6613162, 31), (1717844916.707638, 45), (1717844917.7479293, 49), (1717844918.7846768, 52), (1717844919.822257, 25), (1717844920.8606915, 24), (1717844921.899771, 24), (1717844922.9412546, 24), (1717844923.979754, 26), (1717844925.01944, 28), (1717844926.0612893, 23)]"
4,16,300,109327.901,2,1.437,72940.228,"[5251.538038253784, 5855.156421661377, 4255.223989486694, 3938.448190689087, 5250.679731369019, 5841.277837753296, 4248.1749057769775, 3939.8984909057617, 5243.785381317139, 5848.094701766968, 4251.739501953125, 3931.122303009033, 5241.898775100708, 5834.140777587891, 4245.138168334961, 3930.4754734039307, 5237.120151519775, 5841.55797958374, 4239.110469818115, 3926.1550903320312, 5237.3199462890625, 5832.6709270477295, 4238.605737686157, 3928.149461746216, 5232.720613479614, 5836.144924163818, 4233.444452285767, 3921.8132495880127, 5233.884572982788, 5834.966659545898]","[(1717845058.420806, 12), (1717845059.464337, 0), (1717845060.5063665, 0), (1717845061.5471478, 0), (1717845062.5903385, 0), (1717845063.6335332, 0), (1717845064.6773086, 0), (1717845065.720859, 0), (1717845066.761744, 0), (1717845067.803119, 0), (1717845068.8456292, 0), (1717845069.8879564, 0), (1717845070.9301562, 0), (1717845071.9714847, 0), (1717845073.0145953, 0), (1717845074.055248, 0), (1717845075.0967793, 97), (1717845076.1369557, 97), (1717845077.1784623, 96), (1717845078.2509248, 79), (1717845079.2949815, 61)]"
4,16,300,109327.901,4,2.342,141884.085,"[9785.187244415283, 10597.85795211792, 9888.964653015137, 7682.559967041016, 9782.270431518555, 10567.920207977295, 9885.574340820312, 7677.014350891113, 9773.211002349854, 10570.398330688477, 9868.83807182312, 7670.113563537598, 9757.505416870117, 10560.535430908203, 9877.500772476196, 7652.42338180542, 9669.570922851562, 10561.727046966553, 9871.222257614136, 7655.442476272583, 9761.867046356201, 10570.306539535522, 9863.072395324707, 7670.8526611328125, 9764.267683029175, 10580.575942993164, 9854.746103286743, 7665.823936462402, 9751.909017562866, 10555.620908737183, 9871.748208999634, 7661.246776580811, 9758.882522583008, 10573.485374450684, 9853.849649429321, 7659.69443321228, 9758.57138633728, 10556.535720825195, 9848.522186279297, 7660.889148712158, 9657.645225524902, 10572.70622253418, 9865.323781967163, 7654.073238372803, 9753.97253036499, 10545.330047607422, 9850.15845298767, 7651.579141616821, 9755.012512207031, 10566.99514389038, 9863.6314868927, 7640.744924545288, 9752.968311309814, 10566.463232040405, 9861.465692520142, 7654.896259307861, 9649.173736572266, 10565.354108810425, 9857.002258300781, 7653.536319732666]","[(1717845080.3406692, 0), (1717845081.3820467, 0), (1717845082.4262521, 0), (1717845083.4703887, 0), (1717845084.511325, 0), (1717845085.5553367, 0), (1717845086.5970702, 0), (1717845087.6381261, 0), (1717845088.6806393, 0), (1717845089.7250433, 0), (1717845090.7668717, 0), (1717845091.8098328, 0), (1717845092.853508, 0), (1717845093.895736, 0), (1717845094.939281, 0), (1717845095.9804125, 0), (1717845097.0233805, 98), (1717845098.0680478, 96), (1717845099.1107228, 96), (1717845100.152554, 96), (1717845101.1931255, 93), (1717845102.2339168, 96), (1717845103.27722, 97), (1717845104.3217392, 71), (1717845105.365896, 72), (1717845106.4082553, 20)]"
4,16,300,109327.901,6,2.825,215802.261,"[14711.61937713623, 16816.09845161438, 14409.562826156616, 11595.502614974976, 14705.966472625732, 16794.77572441101, 14387.895822525024, 11590.090990066528, 14701.27534866333, 16812.12878227234, 14388.034582138062, 11581.643104553223, 14688.20071220398, 16792.612552642822, 14390.432357788086, 11581.144094467163, 14676.71823501587, 16780.473470687866, 14389.784336090088, 11577.244281768799, 14691.788911819458, 16786.68761253357, 14377.871036529541, 11572.356462478638, 14680.994987487793, 16793.569803237915, 14387.189388275146, 11589.024066925049, 14693.098306655884, 16797.515392303467, 14378.175020217896, 11570.419788360596, 14669.182538986206, 16771.750926971436, 14369.28677558899, 11565.680742263794, 14670.578241348267, 16785.950660705566, 14386.605501174927, 11572.829961776733, 14686.138391494751, 16788.30623626709, 14373.62790107727, 11583.199501037598, 14683.921337127686, 16788.27953338623, 14376.422882080078, 11584.956884384155, 14675.94838142395, 16775.776386260986, 14382.54690170288, 11562.945365905762, 14682.531118392944, 16767.298460006714, 14365.828514099121, 11571.053981781006, 14678.673505783081, 16784.02090072632, 14360.081672668457, 11579.145908355713, 14678.253412246704, 16772.671937942505, 14372.666358947754, 11576.78747177124, 14674.935579299927, 16785.484790802002, 14360.286951065063, 11560.438394546509, 14671.294212341309, 16759.273529052734, 14364.994525909424, 11572.994470596313, 14676.619529724121, 16794.304132461548, 14376.60813331604, 11575.056552886963, 14676.212549209595, 16780.349731445312, 14376.904964447021, 11574.010610580444, 14679.705142974854, 16782.27972984314, 14382.463216781616, 11573.618650436401, 14679.510354995728, 16789.552688598633, 14376.131057739258, 11574.798583984375, 14675.910472869873, 16786.98420524597]","[(1717845107.4543946, 0), (1717845108.4972386, 0), (1717845109.541928, 0), (1717845110.5817552, 0), (1717845111.6217957, 0), (1717845112.66659, 0), (1717845113.7096224, 0), (1717845114.7525206, 0), (1717845115.8072953, 0), (1717845116.8480792, 0), (1717845117.893006, 0), (1717845118.9352782, 0), (1717845119.9799328, 0), (1717845121.0225992, 0), (1717845122.0660574, 0), (1717845123.1153147, 0), (1717845124.1598368, 99), (1717845125.2029219, 95), (1717845126.2460065, 97), (1717845127.289213, 96), (1717845128.3351393, 95), (1717845129.3786986, 98), (1717845130.422202, 94), (1717845131.4650717, 95), (1717845132.502681, 98), (1717845133.53812, 97), (1717845134.5758505, 97), (1717845135.6136775, 72), (1717845136.6537483, 76), (1717845137.6929908, 56), (1717845138.7325454, 22), (1717845139.770852, 25)]"
4,16,300,109327.901,8,3.119,296789.165,"[20061.243295669556, 23374.510288238525, 20954.221725463867, 14816.499948501587, 20142.327547073364, 23451.876878738403, 20928.931713104248, 14847.395420074463, 20044.7895526886, 23368.743896484375, 20935.595273971558, 14801.514625549316, 20036.19432449341, 23441.447496414185, 20942.03805923462, 14835.042715072632, 20107.906103134155, 23421.551942825317, 20930.973529815674, 14800.304174423218, 20035.805225372314, 23338.533401489258, 20913.421392440796, 14802.823781967163, 20120.12481689453, 23335.14714241028, 20922.83320426941, 14800.331830978394, 20108.03985595703, 23427.144527435303, 20911.049842834473, 14796.785116195679, 20025.087594985962, 23428.077936172485, 20927.66237258911, 14818.991661071777, 20020.21050453186, 23337.222814559937, 20910.531520843506, 14822.527885437012, 20012.568712234497, 23343.29056739807, 20919.25859451294, 14813.957929611206, 20020.491361618042, 23324.471950531006, 20890.390872955322, 14817.287921905518, 20106.494903564453, 23342.669010162354, 20914.41321372986, 14777.72068977356, 20018.16201210022, 23406.981706619263, 20900.938987731934, 14779.87027168274, 20099.49493408203, 23414.117574691772, 20900.63524246216, 14798.585176467896, 20091.132879257202, 23413.458824157715, 20912.832260131836, 14810.167789459229, 20103.487968444824, 23337.053537368774, 20913.033485412598, 14805.669784545898, 20016.25967025757, 23389.09602165222, 20891.84808731079, 14776.150465011597, 20084.611892700195, 23312.66212463379, 20920.594215393066, 14769.838571548462, 20096.991300582886, 23397.3331451416, 20898.213148117065, 14787.177801132202, 20076.15327835083, 23407.9806804657, 20885.52212715149, 14796.932697296143, 19996.996879577637, 23324.923276901245, 20893.864154815674, 14802.1879196167, 20089.210987091064, 23386.59644126892, 20906.428813934326, 14793.515920639038, 20091.33815765381, 23398.674249649048, 20878.839254379272, 14775.156736373901, 20073.719024658203, 23399.1436958313, 20885.443925857544, 14791.202068328857, 20003.90100479126, 23321.77448272705, 20889.862537384033, 14784.29913520813, 19998.433351516724, 23300.460815429688, 20902.9278755188, 14770.007848739624, 20084.65623855591, 23397.018432617188, 20903.165817260742, 14790.284395217896, 20070.608854293823, 23397.668838500977, 20888.718843460083, 14785.473585128784, 19997.0486164093, 23311.45453453064, 20901.512145996094, 14785.334348678589]","[(1717845140.8121314, 0), (1717845141.8514316, 0), (1717845142.890788, 0), (1717845143.930193, 0), (1717845144.969164, 0), (1717845146.009018, 0), (1717845147.0475638, 0), (1717845148.0869079, 0), (1717845149.1262875, 0), (1717845150.16745, 0), (1717845151.2052953, 0), (1717845152.2434528, 0), (1717845153.2817795, 0), (1717845154.3201966, 0), (1717845155.3580446, 0), (1717845156.400853, 0), (1717845157.43674, 89), (1717845158.4740858, 95), (1717845159.5123994, 94), (1717845160.5512452, 96), (1717845161.5888603, 95), (1717845162.6272616, 96), (1717845163.666353, 96), (1717845164.7050788, 96), (1717845165.7448359, 95), (1717845166.7855618, 95), (1717845167.8257575, 95), (1717845168.86538, 92), (1717845169.9046905, 94), (1717845170.9440513, 92), (1717845171.984931, 57), (1717845173.0227675, 58), (1717845174.0635972, 55), (1717845175.1022108, 91), (1717845176.1423686, 93), (1717845177.183834, 43), (1717845178.2206168, 18), (1717845179.2589042, 21)]"
4,16,300,109327.901,10,3.648,317100.543,"[21180.806159973145, 21804.71158027649, 26093.574285507202, 17569.17452812195, 21172.879219055176, 25406.686782836914, 22391.148567199707, 17541.858673095703, 21180.538654327393, 21780.895948410034, 22390.156030654907, 17532.672882080078, 21173.829793930054, 21744.83633041382, 26079.588890075684, 17531.769514083862, 21161.301136016846, 21788.77282142639, 22343.06836128235, 17538.628578186035, 21231.81128501892, 21775.379180908203, 22359.90023612976, 20676.055669784546, 21140.243530273438, 21784.469842910767, 22379.49562072754, 17529.030323028564, 21153.831243515015, 21777.071952819824, 22370.22376060486, 17543.182611465454, 21142.489671707153, 25385.655641555786, 22332.67903327942, 17523.812294006348, 21145.739555358887, 21768.268823623657, 22363.304138183594, 17519.136428833008, 21145.127058029175, 21774.19948577881, 22361.30714416504, 20664.286613464355, 21133.331298828125, 21762.42995262146, 22367.69962310791, 17521.33345603943, 25364.797353744507, 21769.32978630066, 22362.545490264893, 17539.28017616272, 21146.93260192871, 25372.70975112915, 22318.415641784668, 17533.870697021484, 25358.88433456421, 21759.315013885498, 22348.177194595337, 17504.49013710022, 21215.712070465088, 21729.59303855896, 22346.156120300293, 20629.775762557983, 21198.668718338013, 21738.5892868042, 22348.34861755371, 17512.167930603027, 21201.60698890686, 21738.516807556152, 22306.54239654541, 17502.859115600586, 21116.434335708618, 21732.107400894165, 22332.94105529785, 17513.2257938385, 21104.408025741577, 21734.781980514526, 26035.99500656128, 17523.71597290039, 21198.27151298523, 21731.925010681152, 22340.864896774292, 17516.00432395935, 25322.033882141113, 21734.896659851074, 22341.05920791626, 17518.133401870728, 21103.988885879517, 21705.18660545349, 22321.704387664795, 17489.94207382202, 21199.5747089386, 21733.68787765503, 22311.56325340271, 17521.1341381073, 25327.094316482544, 25345.998525619507, 22328.37986946106, 20629.080533981323, 21193.318843841553, 25342.09704399109, 22329.039096832275, 17511.86966896057, 21116.695165634155, 21726.649522781372, 22324.836492538452, 17487.01524734497, 21094.481706619263, 21719.27762031555, 22319.64135169983, 17491.79458618164, 21182.023763656616, 21719.444274902344, 22325.521230697632, 17474.694967269897, 21187.340021133423, 21731.69994354248, 22289.510011672974, 17489.962816238403, 21183.234930038452, 21726.119995117188, 22282.81331062317, 17491.212844848633, 21090.286254882812, 21726.072549819946, 22316.286087036133, 17502.40445137024, 25319.437265396118, 21726.68695449829, 22306.95080757141, 17487.059831619263, 21090.691804885864, 21721.733570098877, 26015.512228012085, 17471.274852752686, 21101.340770721436, 21728.367567062378, 22312.589168548584, 17487.3526096344, 21182.405471801758, 21710.960388183594, 22314.111709594727, 17480.03625869751, 21108.338117599487, 21724.262475967407, 22316.23935699463, 17505.91778755188, 21098.677396774292, 21720.33190727234]","[(1717845180.300938, 0), (1717845181.338968, 0), (1717845182.3784292, 0), (1717845183.418537, 0), (1717845184.4581063, 0), (1717845185.4983034, 0), (1717845186.5408623, 0), (1717845187.5809457, 0), (1717845188.6211038, 0), (1717845189.6610754, 0), (1717845190.7000637, 0), (1717845191.7391868, 0), (1717845192.7735682, 0), (1717845193.81192, 0), (1717845194.8533413, 0), (1717845195.8927705, 0), (1717845196.933344, 91), (1717845197.9743962, 98), (1717845199.017234, 96), (1717845200.0579288, 98), (1717845201.0999508, 96), (1717845202.1422439, 96), (1717845203.1825488, 96), (1717845204.2220597, 98), (1717845205.2616782, 99), (1717845206.301337, 97), (1717845207.340739, 97), (1717845208.3801482, 97), (1717845209.4205034, 98), (1717845210.4604566, 97), (1717845211.5035486, 97), (1717845212.5489666, 97), (1717845213.5884275, 83), (1717845214.631628, 96), (1717845215.6732247, 97), (1717845216.7166286, 89), (1717845217.7551398, 39), (1717845218.7933385, 76), (1717845219.8329425, 74), (1717845220.874961, 94)]"
4,16,300,109327.901,12,3.398,369276.501,"[21981.18782043457, 27902.689456939697, 21984.214305877686, 17282.749891281128, 30898.412227630615, 27882.657766342163, 21977.72765159607, 24386.60764694214, 22057.50799179077, 27958.532333374023, 21979.73394393921, 17270.29824256897, 21980.810165405273, 27872.92194366455, 31493.646144866943, 17269.47855949402, 22051.57232284546, 27888.482093811035, 21946.491956710815, 17265.5668258667, 22048.17271232605, 27857.66100883484, 31496.079683303833, 24379.35519218445, 21964.57552909851, 27944.839000701904, 21962.651014328003, 17264.321327209473, 21970.221996307373, 37899.72543716431, 21969.061851501465, 17253.955125808716, 21965.404987335205, 27881.42204284668, 31489.782333374023, 17246.148109436035, 30782.18936920166, 27881.32357597351, 31489.17555809021, 24369.122982025146, 30784.297943115234, 27885.383129119873, 31483.840703964233, 17250.070333480835, 21957.002878189087, 27856.778621673584, 21934.57865715027, 17255.815744400024, 22032.737731933594, 27877.4254322052, 21962.442874908447, 17226.978540420532, 22031.867742538452, 37891.4999961853, 21964.255332946777, 17210.69598197937, 21945.94120979309, 27875.678300857544, 21937.40963935852, 17233.006715774536, 22030.93123435974, 27934.033155441284, 21923.283100128174, 17238.951683044434, 21946.223735809326, 27872.453927993774, 21956.111669540405, 17222.21851348877, 21951.639890670776, 27861.026287078857, 31476.667404174805, 17207.15379714966, 22022.066593170166, 27850.226879119873, 31463.60754966736, 17223.747968673706, 30863.893032073975, 27864.156484603882, 21926.573753356934, 17233.20198059082, 22019.768714904785, 27859.297037124634, 21951.579093933105, 17207.292795181274, 21946.208715438843, 27869.014739990234, 21953.912258148193, 24351.636171340942, 21919.264793395996, 37876.12056732178, 21939.406633377075, 17200.522422790527, 22014.37520980835, 27826.041221618652, 21948.081970214844, 24354.538679122925, 30761.31796836853, 37879.334926605225, 31469.578504562378, 17228.008031845093, 21930.667400360107, 37874.4375705719, 21938.114404678345, 17231.648683547974, 30853.256225585938, 37878.363609313965, 21939.682245254517, 17226.77731513977, 30850.867748260498, 27858.555555343628, 31464.595079421997, 24346.648931503296, 30752.08282470703, 37876.79171562195, 31457.51118659973, 24341.615200042725, 22005.26714324951, 27820.183753967285, 21925.81081390381, 17224.388599395752, 22010.661840438843, 27823.894023895264, 21939.711332321167, 24344.69175338745, 21934.972763061523, 37860.758781433105, 21939.703464508057, 17196.21443748474, 21920.679807662964, 27851.037979125977, 21932.319402694702, 17219.937086105347, 21910.44807434082, 27846.046447753906, 21925.87924003601, 24326.67851448059, 22006.03461265564, 27905.64250946045, 21929.402589797974, 17187.54529953003, 21912.703275680542, 27849.384307861328, 21921.49305343628, 17180.9561252594, 21916.093826293945, 27843.789100646973, 21928.458213806152, 17209.29479598999, 21998.20303916931, 27895.62153816223, 21924.68523979187, 17212.6247882843, 30737.616062164307, 27899.240255355835, 21918.490409851074, 17216.155767440796, 30830.649614334106, 37851.35221481323, 21926.191329956055, 17194.558143615723, 21922.79052734375, 37847.78332710266, 31445.074319839478, 24320.643186569214, 21915.852069854736, 27824.59306716919, 21913.19179534912, 24328.140258789062, 21983.261108398438, 27837.822198867798, 21905.072927474976, 17171.674251556396, 30736.91487312317, 37841.63188934326, 21923.582553863525, 17170.0382232666, 30736.928462982178, 37869.19689178467, 31440.271615982056, 24318.80235671997]","[(1717845221.9178135, 30), (1717845222.9609342, 0), (1717845224.0018325, 0), (1717845225.0478256, 0), (1717845226.0884614, 0), (1717845227.1323314, 0), (1717845228.1759412, 0), (1717845229.2183735, 0), (1717845230.2628672, 0), (1717845231.3048368, 0), (1717845232.3440235, 0), (1717845233.385505, 0), (1717845234.4300523, 0), (1717845235.4720018, 0), (1717845236.5130632, 0), (1717845237.5577407, 0), (1717845238.6027205, 95), (1717845239.6457262, 97), (1717845240.687932, 94), (1717845241.7301688, 95), (1717845242.7736895, 94), (1717845243.8206034, 93), (1717845244.8645725, 95), (1717845245.9088368, 94), (1717845246.9561095, 94), (1717845248.003788, 94), (1717845249.0476463, 92), (1717845250.0944872, 94), (1717845251.1522915, 93), (1717845252.2021775, 95), (1717845253.2462814, 95), (1717845254.2926679, 96), (1717845255.3378365, 76), (1717845256.381495, 95), (1717845257.4267275, 97), (1717845258.4714777, 98), (1717845259.5188272, 93), (1717845260.5638385, 96), (1717845261.6080282, 98), (1717845262.6500852, 85), (1717845263.6982305, 40), (1717845264.7427359, 87), (1717845265.7857602, 53), (1717845266.828952, 67), (1717845267.8690429, 81), (1717845268.9078615, 69), (1717845269.9495256, 23), (1717845270.985669, 19), (1717845272.0251572, 18), (1717845273.0616934, 18), (1717845274.0887337, 18), (1717845275.1272604, 21)]"
4,16,300,109327.901,14,3.338,423136.465,"[26668.88427734375, 23974.73978996277, 18951.78198814392, 27038.873434066772, 26646.081924438477, 23929.21781539917, 18917.62137413025, 16729.689121246338, 26647.91488647461, 23964.66326713562, 18923.74587059021, 16735.326290130615, 26652.82964706421, 23960.27445793152, 18936.09309196472, 27041.430711746216, 47867.94352531433, 23921.81634902954, 18909.330368041992, 16725.10838508606, 26631.37650489807, 37164.37602043152, 38676.711082458496, 27030.6556224823, 26642.897844314575, 23944.33569908142, 38690.64807891846, 27018.332958221436, 47862.34641075134, 23940.781593322754, 18923.915147781372, 16727.303504943848, 26632.00044631958, 37167.63973236084, 38652.43625640869, 16723.525762557983, 26634.870767593384, 23941.686630249023, 18893.277645111084, 16707.47447013855, 47764.99915122986, 37173.49815368652, 38670.071601867676, 27019.16813850403, 26623.95453453064, 23936.43307685852, 38677.539110183716, 26998.114824295044, 47762.24970817566, 37169.46482658386, 18898.926734924316, 16709.85436439514, 26617.47646331787, 37158.122301101685, 38653.785943984985, 16698.67491722107, 47757.697343826294, 37153.802156448364, 38647.889375686646, 16696.245908737183, 47845.87478637695, 23928.489208221436, 18883.016347885132, 16698.418617248535, 26607.868671417236, 23901.00359916687, 18909.159898757935, 26990.878582000732, 26610.91160774231, 23923.452854156494, 18908.32781791687, 16697.810888290405, 26614.44592475891, 23928.107261657715, 38625.948667526245, 16694.576740264893, 26606.79292678833, 23898.08440208435, 38625.22745132446, 16695.497035980225, 47743.49498748779, 23889.578580856323, 18871.872663497925, 16704.331398010254, 26605.909824371338, 37157.57131576538, 38632.471561431885, 16688.041925430298, 26592.010498046875, 23873.833179473877, 18904.689073562622, 16695.804834365845, 26618.035793304443, 23877.835273742676, 38642.032861709595, 16678.569078445435, 47821.07591629028, 23879.966974258423, 38642.77219772339, 16686.383962631226, 47817.50202178955, 23882.86519050598, 18885.491371154785, 16658.515214920044, 26600.51393508911, 37137.45188713074, 18898.090600967407, 16687.780618667603, 26601.110458374023, 37137.83144950867, 18894.54483985901, 26980.199813842773, 47736.18006706238, 23879.29916381836, 38631.662130355835, 26988.821268081665, 47728.02758216858, 37131.99305534363, 38637.402057647705, 26975.327253341675, 26592.36979484558, 37132.43532180786, 18892.69709587097, 16678.82990837097, 26571.847677230835, 37123.56162071228, 18882.39860534668, 16664.010047912598, 26587.828159332275, 23909.937381744385, 38621.37246131897, 26974.570989608765, 26594.626903533936, 23863.614320755005, 38644.01841163635, 16677.74748802185, 47805.49335479736, 37114.85695838928, 18862.35499382019, 16671.674251556396, 47810.163259506226, 23838.749885559082, 38616.161584854126, 16676.629781723022, 26577.783584594727, 23860.2876663208, 18879.168033599854, 26979.23994064331, 26573.7624168396, 23893.866777420044, 38610.94427108765, 16668.26629638672, 47796.098470687866, 23896.180629730225, 38593.87683868408, 16659.993648529053, 47714.05649185181, 23865.285396575928, 18840.889930725098, 16640.80286026001, 47789.23535346985, 37106.40263557434, 18871.004104614258, 16667.688608169556, 26584.33175086975, 23892.93622970581, 38610.0218296051, 26947.962284088135, 26578.34005355835, 23842.060804367065, 38602.94032096863, 16656.352996826172, 26583.27293395996, 37103.55615615845, 18871.073484420776, 26947.58367538452, 47706.103801727295, 37099.886655807495, 38611.32287979126, 26951.666593551636, 26575.061798095703, 37111.75084114075, 38619.66323852539, 26960.121631622314, 26570.841312408447, 23887.76397705078, 38591.636180877686, 26967.141151428223, 47783.76030921936, 37099.72143173218, 18862.731218338013, 16659.465789794922, 47791.82982444763, 23853.569269180298, 38599.252462387085, 16655.838012695312, 47790.79174995422, 37107.614517211914, 18833.636045455933, 26952.9390335083, 26571.970462799072, 23852.217197418213, 38599.555253982544, 26949.679374694824, 26563.53783607483, 37096.147775650024, 18825.55913925171, 16654.32071685791, 26570.077180862427, 23841.40157699585]","[(1717845276.1666815, 0), (1717845277.2068954, 0), (1717845278.2452903, 0), (1717845279.2841537, 0), (1717845280.3229632, 0), (1717845281.3627589, 0), (1717845282.4013755, 0), (1717845283.4401293, 0), (1717845284.4784608, 0), (1717845285.5166519, 0), (1717845286.5556436, 0), (1717845287.5950885, 0), (1717845288.6346686, 0), (1717845289.6725585, 0), (1717845290.711517, 0), (1717845291.751289, 0), (1717845292.7901952, 77), (1717845293.8293903, 98), (1717845294.8698645, 96), (1717845295.9090486, 96), (1717845296.9497967, 93), (1717845297.9896104, 90), (1717845299.0297763, 91), (1717845300.0709803, 91), (1717845301.1104238, 95), (1717845302.1497674, 92), (1717845303.1894007, 92), (1717845304.2291431, 97), (1717845305.2690065, 91), (1717845306.3084626, 93), (1717845307.3479106, 91), (1717845308.386926, 91), (1717845309.426202, 74), (1717845310.4652271, 91), (1717845311.5042486, 84), (1717845312.5438395, 95), (1717845313.5834863, 95), (1717845314.6218398, 96), (1717845315.6610296, 96), (1717845316.7026632, 89), (1717845317.743186, 96), (1717845318.783077, 84), (1717845319.8239293, 61), (1717845320.8653848, 62), (1717845321.9059997, 59), (1717845322.9458253, 88), (1717845323.985808, 92), (1717845325.0265653, 92), (1717845326.0723712, 88), (1717845327.1135945, 58), (1717845328.1554642, 58), (1717845329.1954682, 43), (1717845330.2338438, 45), (1717845331.2733922, 19), (1717845332.3125203, 19), (1717845333.3513324, 21), (1717845334.3898144, 20), (1717845335.4298406, 20), (1717845336.4713533, 20), (1717845337.5146577, 19), (1717845338.5546734, 21)]"
4,16,300,109327.901,16,3.607,469735.979,"[51485.33487319946, 44087.8791809082, 43486.762046813965, 32247.61986732483, 23001.514673233032, 23210.96658706665, 43491.501808166504, 32235.65363883972, 23012.26282119751, 44070.483684539795, 43463.31334114075, 32244.65036392212, 23013.275384902954, 44058.427572250366, 43480.868339538574, 32231.00233078003, 51498.220443725586, 23198.949813842773, 43467.41962432861, 32242.830276489258, 22985.591650009155, 23192.62719154358, 43471.95601463318, 17699.044227600098, 51486.207723617554, 23219.273328781128, 23974.833726882935, 17697.726726531982, 22974.570989608765, 23181.5128326416, 43476.05633735657, 17679.05044555664, 51482.64694213867, 44085.90745925903, 23966.39847755432, 32233.375549316406, 51476.26185417175, 44081.9890499115, 23988.86799812317, 32228.193521499634, 23007.87353515625, 23160.769939422607, 43443.43328475952, 17680.792808532715, 51465.32940864563, 23177.115440368652, 23955.14225959778, 17648.06842803955, 51486.55867576599, 23167.842388153076, 43459.28907394409, 17649.883270263672, 22974.554538726807, 23193.251132965088, 23999.50909614563, 32229.763746261597, 51474.11227226257, 44054.07381057739, 23976.052284240723, 17648.88095855713, 22954.067945480347, 23166.013479232788, 43456.1493396759, 17683.658838272095, 22995.250463485718, 44039.72768783569, 43459.8183631897, 17677.207231521606, 51457.24821090698, 23149.93929862976, 43534.98840332031, 17682.57713317871, 22956.12382888794, 44033.37049484253, 23953.378200531006, 32219.732999801636, 22993.95179748535, 44032.35673904419, 43534.019470214844, 17637.205839157104, 22983.62112045288, 23179.163694381714, 23990.86093902588, 17679.447650909424, 22963.83261680603, 23140.925407409668, 23987.741708755493, 17668.19167137146, 51462.315797805786, 44029.31356430054, 23985.0754737854, 32194.810390472412, 51466.8447971344, 23187.89768218994, 23981.64677619934, 17672.212600708008, 22958.658933639526, 44037.08338737488, 23944.94676589966, 17663.528203964233, 22951.494693756104, 44027.41837501526, 23945.338010787964, 17629.251718521118, 51463.27495574951, 44056.570053100586, 23964.833736419678, 17668.83897781372, 51460.52837371826, 23144.466161727905, 23982.428789138794, 17634.811878204346, 22933.27808380127, 23162.094593048096, 43434.09299850464, 32196.276903152466, 22980.740308761597, 44013.7300491333, 23971.41122817993, 17659.87777709961, 22970.635175704956, 44049.047231674194, 43511.08431816101, 17650.594234466553, 51450.78921318054, 23155.98487854004, 23946.801900863647, 32186.13314628601, 51453.8950920105, 23160.187244415283, 23973.776817321777, 17657.005786895752, 22971.263647079468, 23160.90226173401, 23972.979307174683, 32191.10083580017, 22946.76375389099, 44029.651403427124, 23958.699941635132, 32175.269603729248, 22965.558290481567, 23124.067306518555, 43430.21774291992, 32173.256158828735, 51422.528982162476, 23136.363983154297, 23925.39930343628, 32180.84192276001, 51411.800384521484, 44013.61346244812, 23939.4314289093, 32202.66103744507, 51435.55307388306, 44039.4811630249, 43426.960945129395, 17650.004148483276, 51440.69218635559, 23149.79863166809, 23965.5544757843, 17613.55209350586, 51404.75416183472, 23165.178775787354, 43419.54827308655, 32177.635669708252, 51443.18509101868, 43999.11952018738, 43424.94297027588, 17609.26389694214, 22947.754859924316, 44031.59189224243, 43482.680559158325, 17641.62588119507, 22952.48818397522, 23117.278337478638, 23955.899000167847, 32176.8479347229, 22952.932834625244, 44013.21220397949, 23916.841983795166, 17638.00811767578, 22949.66149330139, 44004.029750823975, 23911.50665283203, 17631.83307647705, 22921.849489212036, 44003.86643409729, 23957.9861164093, 32159.619092941284, 51437.74724006653, 23124.55987930298, 23955.193758010864, 17631.19888305664, 22954.473733901978, 23143.059015274048, 43410.63189506531, 32159.084796905518, 22948.111534118652, 23115.61155319214, 23944.323539733887, 17621.45209312439, 51421.51713371277, 44010.49184799194, 23911.805629730225, 17629.077672958374, 22944.016695022583, 43997.31206893921, 43485.9504699707, 17609.696626663208, 22945.454120635986, 23149.978637695312, 43472.32007980347, 32177.921533584595, 22897.89843559265, 23147.623777389526, 43398.22578430176, 17589.83874320984, 22933.75325202942, 43994.92692947388, 43483.834981918335, 17620.073080062866, 51407.081604003906, 23125.997066497803, 43399.72639083862, 32147.205114364624, 22933.611154556274, 43997.83110618591, 23911.876916885376, 32149.80149269104, 51422.41311073303, 23124.265909194946, 43481.07123374939, 32162.601232528687, 51413.379192352295, 23128.061771392822, 23930.8819770813, 32150.185346603394, 51422.056436538696, 23142.794847488403, 23936.526775360107, 32151.09634399414]","[(1717845339.598866, 11), (1717845340.6419063, 0), (1717845341.6834064, 0), (1717845342.7259421, 0), (1717845343.7691126, 0), (1717845344.8107061, 0), (1717845345.852244, 0), (1717845346.8956807, 0), (1717845347.9367268, 0), (1717845348.981096, 0), (1717845350.020494, 0), (1717845351.0594382, 0), (1717845352.1030536, 0), (1717845353.1467679, 0), (1717845354.1876082, 0), (1717845355.2318964, 0), (1717845356.2753093, 93), (1717845357.3191404, 96), (1717845358.365463, 95), (1717845359.4087305, 96), (1717845360.450953, 97), (1717845361.497743, 96), (1717845362.5419965, 95), (1717845363.5857198, 95), (1717845364.6287284, 97), (1717845365.672836, 97), (1717845366.721576, 97), (1717845367.7661386, 96), (1717845368.807998, 98), (1717845369.8522837, 92), (1717845370.9001243, 97), (1717845371.9442983, 92), (1717845372.9853196, 76), (1717845374.0278008, 69), (1717845375.0732498, 94), (1717845376.1211905, 93), (1717845377.1667244, 94), (1717845378.212407, 91), (1717845379.2598834, 79), (1717845380.301813, 87), (1717845381.3472779, 95), (1717845382.3913512, 96), (1717845383.436091, 96), (1717845384.4807432, 97), (1717845385.5266778, 97), (1717845386.5749097, 97), (1717845387.6194222, 80), (1717845388.6623108, 83), (1717845389.7086368, 61), (1717845390.7554536, 68), (1717845391.7930703, 63), (1717845392.8287737, 53), (1717845393.8691666, 68), (1717845394.9085593, 61), (1717845395.948886, 86), (1717845396.9877894, 92), (1717845398.0272543, 94), (1717845399.0665703, 64), (1717845400.1057718, 20), (1717845401.144094, 19), (1717845402.1827033, 22), (1717845403.2225244, 19), (1717845404.2631679, 19), (1717845405.3030784, 19), (1717845406.3420777, 19)]"
5,15,300,422672.6,2,1.591,42629.015,"[3432.453393936157, 3835.7129096984863, 3334.7017765045166, 3627.981662750244, 3437.3199939727783, 3827.146291732788, 3331.1431407928467, 3631.742238998413, 3428.2968044281006, 3830.188274383545, 3329.639434814453, 3626.9590854644775, 3428.697109222412, 3823.0161666870117, 3323.122262954712, 3621.957540512085, 3428.0707836151123, 3826.464891433716, 3326.4009952545166, 3621.652603149414, 3425.1580238342285, 3822.1261501312256, 3319.287061691284, 3618.7920570373535]","[(1717845861.7444186, 60), (1717845862.773719, 0), (1717845863.8118222, 0), (1717845864.8514621, 0), (1717845865.8923068, 0), (1717845866.9356198, 0), (1717845867.9787846, 0), (1717845869.0222418, 0), (1717845870.0652537, 0), (1717845871.1065164, 0), (1717845872.1475763, 0), (1717845873.1894493, 0), (1717845874.2311506, 0), (1717845875.2721496, 0), (1717845876.313603, 0), (1717845877.356592, 0), (1717845878.3992455, 100), (1717845879.439967, 99), (1717845880.4818988, 100)]"
5,15,300,422672.6,4,2.586,90298.231,"[8181.502819061279, 7577.845335006714, 7073.951721191406, 7376.235246658325, 8168.211460113525, 7560.881614685059, 7060.8720779418945, 7369.241237640381, 8156.281471252441, 7566.938161849976, 7051.4562129974365, 7353.529691696167, 8160.991191864014, 7550.570011138916, 7056.69903755188, 7363.491058349609, 8148.026943206787, 7546.692371368408, 7043.292999267578, 7362.478733062744, 8151.231288909912, 7545.658826828003, 7052.31785774231, 7352.320194244385, 8144.648551940918, 7549.287796020508, 7039.794683456421, 7351.238489151001, 8152.325391769409, 7544.4016456604, 7049.3323802948, 7349.840402603149, 8142.2834396362305, 7540.871381759644, 7044.942140579224, 7348.397493362427, 8145.5559730529785, 7541.132688522339, 6945.121049880981, 7347.427845001221, 8136.453151702881, 7534.504413604736, 7042.9065227508545, 7343.364238739014, 8138.78607749939, 7543.4629917144775, 7039.999008178711, 7346.127033233643]","[(1717845881.5260556, 3), (1717845882.5682943, 0), (1717845883.611776, 0), (1717845884.6889393, 0), (1717845885.732054, 0), (1717845886.7720318, 0), (1717845887.8162985, 0), (1717845888.8567498, 22), (1717845889.8957596, 0), (1717845890.9336483, 0), (1717845891.9750009, 0), (1717845893.0335991, 0), (1717845894.074994, 10), (1717845895.1182525, 22), (1717845896.1616898, 0), (1717845897.204746, 0), (1717845898.245975, 93), (1717845899.293184, 100), (1717845900.3342419, 100), (1717845901.3766165, 100), (1717845902.4194853, 99), (1717845903.4614527, 100), (1717845904.5036407, 98)]"
5,15,300,422672.6,6,3.458,127154.154,"[10505.090713500977, 10684.770107269287, 10984.450817108154, 10381.118535995483, 10481.607437133789, 10610.186576843262, 10988.930225372314, 10377.218246459961, 10482.55205154419, 10597.809553146362, 10971.165895462036, 10383.04090499878, 10473.649024963379, 10585.410594940186, 10969.459772109985, 10379.300832748413, 10466.79711341858, 10587.940216064453, 10969.62594985962, 10362.207889556885, 10464.22791481018, 10664.968729019165, 10962.427854537964, 10373.688697814941, 10471.896648406982, 10581.149339675903, 10970.574855804443, 10375.927925109863, 10478.418588638306, 10584.217071533203, 10965.268611907959, 10363.76953125, 10455.971479415894, 10574.790000915527, 10950.777769088745, 10365.70930480957, 10459.454536437988, 10580.79195022583, 10956.40778541565, 10366.971731185913, 10463.235855102539, 10576.099395751953, 10962.620735168457, 10367.878913879395, 10468.51396560669, 10564.363479614258, 10953.606367111206, 10360.336780548096, 10467.318296432495, 10565.431594848633, 10964.35546875, 10362.76912689209, 10454.141616821289, 10556.975841522217, 10964.577198028564, 10362.076044082642, 10465.952634811401, 10567.42000579834, 10940.898656845093, 10347.322702407837, 10463.565111160278, 10559.60202217102, 10960.54196357727, 10355.409860610962, 10463.046789169312, 10556.395053863525, 10953.805923461914, 10355.028629302979, 10455.55591583252, 10555.216312408447, 10944.582462310791, 10356.535196304321]","[(1717845905.5512357, 0), (1717845906.5960128, 0), (1717845907.6381989, 0), (1717845908.6829739, 0), (1717845909.7233965, 0), (1717845910.7674184, 0), (1717845911.810795, 0), (1717845912.8535802, 0), (1717845913.900412, 0), (1717845914.9454663, 0), (1717845915.9883287, 0), (1717845917.0321343, 0), (1717845918.0765288, 0), (1717845919.1212332, 0), (1717845920.164681, 0), (1717845921.2099168, 0), (1717845922.2532234, 99), (1717845923.2946262, 100), (1717845924.338423, 99), (1717845925.3850448, 100), (1717845926.4289637, 99), (1717845927.471943, 100), (1717845928.5166085, 100), (1717845929.5614226, 99), (1717845930.5986247, 100), (1717845931.637273, 100)]"
5,15,300,422672.6,8,3.849,171954.599,"[16124.223947525024, 13838.398694992065, 14035.668849945068, 13433.035612106323, 16120.763540267944, 13808.840274810791, 14101.197719573975, 13417.42730140686, 16124.382495880127, 13820.913553237915, 14106.009483337402, 13413.868427276611, 16139.243602752686, 13819.271087646484, 14105.296611785889, 13403.382062911987, 16113.022565841675, 13796.280145645142, 14021.047353744507, 13390.068769454956, 16108.92653465271, 13818.525075912476, 14003.746271133423, 13398.253917694092, 16106.97627067566, 13786.360740661621, 14076.354026794434, 13405.69519996643, 16093.407392501831, 13807.04951286316, 14080.048084259033, 13390.354633331299, 16122.445344924927, 13799.338340759277, 13993.801593780518, 13396.039009094238, 16117.38920211792, 13804.52036857605, 14085.070848464966, 13376.271724700928, 16098.185062408447, 13799.131393432617, 14000.358819961548, 13371.49453163147, 16080.227136611938, 13803.408145904541, 14069.829225540161, 13399.128437042236, 16092.403411865234, 13795.093536376953, 13999.748468399048, 13395.033836364746, 16082.474708557129, 13770.649433135986, 14075.883626937866, 13374.042749404907, 16108.924388885498, 13798.499822616577, 13994.320392608643, 13364.789247512817, 16105.455160140991, 13793.882369995117, 14074.660062789917, 13375.713348388672, 16080.85823059082, 13766.012907028198, 14059.106588363647, 13385.258197784424, 16096.31609916687, 13787.290811538696, 13986.175775527954, 13363.530397415161, 16068.273067474365, 13766.748666763306, 14064.023971557617, 13384.953260421753, 16073.666095733643, 13783.97274017334, 13984.419345855713, 13366.409063339233, 16088.702917098999, 13762.347221374512, 13976.227045059204, 13370.474576950073, 16073.60291481018, 13782.441854476929, 14057.464361190796, 13369.075536727905, 16078.695058822632, 13780.2574634552, 13981.242895126343, 13367.493867874146, 16094.254970550537, 13774.080514907837, 13976.505517959595, 13360.65936088562]","[(1717845932.6781235, 0), (1717845933.7169204, 0), (1717845934.7575617, 0), (1717845935.7957044, 0), (1717845936.8356962, 0), (1717845937.8750794, 0), (1717845938.9112854, 0), (1717845939.9527686, 0), (1717845940.9918573, 0), (1717845942.0298448, 0), (1717845943.0682893, 0), (1717845944.1084142, 0), (1717845945.1498797, 0), (1717845946.1871316, 0), (1717845947.2248151, 0), (1717845948.2623913, 0), (1717845949.3002663, 95), (1717845950.3383756, 100), (1717845951.3769474, 100), (1717845952.4159665, 99), (1717845953.4532413, 100), (1717845954.4894438, 100), (1717845955.5298836, 99), (1717845956.5701199, 100), (1717845957.6092596, 100), (1717845958.6490455, 100), (1717845959.688838, 99), (1717845960.7294617, 100), (1717845961.767513, 100), (1717845962.8064737, 36), (1717845963.8462026, 33)]"
5,15,300,422672.6,10,4.373,213898.76,"[19272.75586128235, 17458.482027053833, 17752.31623649597, 16953.29260826111, 19234.389305114746, 17458.78553390503, 17727.561950683594, 16948.88663291931, 19256.540536880493, 17428.70807647705, 17741.27984046936, 16943.605184555054, 19251.421451568604, 17452.61573791504, 17745.97191810608, 17034.926891326904, 19250.321626663208, 17443.29857826233, 17713.77658843994, 17024.86515045166, 19246.095895767212, 17442.134380340576, 17734.47895050049, 17006.872415542603, 19246.407747268677, 17444.687128067017, 17736.76323890686, 16931.973218917847, 19211.429119110107, 17415.54880142212, 17722.829818725586, 17019.10662651062, 19242.322206497192, 17405.64727783203, 17721.651792526245, 17017.663955688477, 19245.142936706543, 17435.03475189209, 17691.555500030518, 17017.504453659058, 19240.488052368164, 17429.44622039795, 17723.238706588745, 16927.034378051758, 19236.552715301514, 17394.559383392334, 17724.600791931152, 16918.360948562622, 19206.18224143982, 17423.93660545349, 17721.282482147217, 16920.305490493774, 19232.236623764038, 17396.35992050171, 17718.714714050293, 16999.306440353394, 19195.68181037903, 17391.334295272827, 17710.14094352722, 17001.932621002197, 19197.831869125366, 17421.743392944336, 17678.534507751465, 17004.023790359497, 19231.46629333496, 17385.870695114136, 17612.961530685425, 17004.61435317993, 19221.36402130127, 17413.70391845703, 17694.690942764282, 17000.263929367065, 19215.78860282898, 17410.76135635376, 17698.265552520752, 16990.922927856445, 19182.270765304565, 17408.204555511475, 17602.35905647278, 16986.262559890747, 19220.238208770752, 17400.797605514526, 17681.571006774902, 16890.424013137817, 19214.807510375977, 17400.02703666687, 17694.283723831177, 16991.5030002594, 19207.40008354187, 17374.640464782715, 17677.196502685547, 16988.409519195557, 19196.717023849487, 17375.990629196167, 17697.591304779053, 16971.80962562561, 19202.45909690857, 17396.440029144287, 17669.31462287903, 16973.70219230652, 19188.52710723877, 17399.437189102173, 17692.362785339355, 16986.738204956055, 19208.01043510437, 17365.296840667725, 17663.200616836548, 16882.701873779297, 19201.383590698242, 17398.22745323181, 17685.224771499634, 16878.67832183838, 19205.608367919922, 17399.94239807129, 17660.97140312195, 16887.29691505432, 19193.088054656982, 17397.12643623352, 17584.75089073181, 16981.44793510437]","[(1717845964.8875968, 0), (1717845965.9261658, 0), (1717845966.9645538, 0), (1717845968.00362, 0), (1717845969.0414758, 0), (1717845970.0799155, 0), (1717845971.1188595, 0), (1717845972.1584914, 0), (1717845973.1981084, 0), (1717845974.2372289, 0), (1717845975.2770605, 0), (1717845976.316414, 0), (1717845977.3550856, 0), (1717845978.3940995, 0), (1717845979.433121, 0), (1717845980.4714592, 0), (1717845981.5092406, 88), (1717845982.5478, 100), (1717845983.5861683, 99), (1717845984.6244917, 99), (1717845985.6633677, 100), (1717845986.7027783, 100), (1717845987.7422616, 100), (1717845988.7815158, 100), (1717845989.8209698, 100), (1717845990.8617043, 100), (1717845991.9011223, 98), (1717845992.9412327, 100), (1717845993.9809902, 100), (1717845995.0206208, 100), (1717845996.0605388, 100), (1717845997.1001816, 100), (1717845998.1382365, 86), (1717845999.1782222, 49)]"
5,15,300,422672.6,12,4.735,241451.378,"[20493.36338043213, 20185.25218963623, 19459.19179916382, 22292.62924194336, 20460.115671157837, 20177.51145362854, 21875.875234603882, 19761.16132736206, 20446.76399230957, 20137.13836669922, 19449.39875602722, 19762.40348815918, 20469.550848007202, 20168.575048446655, 19351.12500190735, 19735.633611679077, 20444.334030151367, 20169.244527816772, 19430.38058280945, 19749.22513961792, 20454.04815673828, 20172.93643951416, 19337.677717208862, 19733.221530914307, 20455.72328567505, 20155.57336807251, 19439.26191329956, 19762.719869613647, 20436.161041259766, 20166.348695755005, 19429.394006729126, 19735.31723022461, 20440.359592437744, 20119.793176651, 19420.726537704468, 19764.351844787598, 20429.31628227234, 20154.255867004395, 19430.122137069702, 19749.70316886902, 20443.53175163269, 20119.648694992065, 21854.161024093628, 19746.17600440979, 20447.87836074829, 20143.36895942688, 19326.387405395508, 19729.443550109863, 20430.667400360107, 22642.257928848267, 19341.479063034058, 19729.071140289307, 22952.64959335327, 20152.930736541748, 19423.888206481934, 19734.029531478882, 20457.92841911316, 20128.329277038574, 19322.866678237915, 19713.51456642151, 22953.075170516968, 20146.197080612183, 19338.232278823853, 19739.543676376343, 20414.560079574585, 20148.261070251465, 21840.8682346344, 22250.04506111145, 20414.852380752563, 20143.592596054077, 19418.781757354736, 19721.445083618164, 20430.31072616577, 20133.471965789795, 19321.43759727478, 19728.166341781616, 20408.04171562195, 22627.355098724365, 19310.35828590393, 19699.39136505127, 22937.997817993164, 20134.65976715088, 19320.384740829468, 19701.457023620605, 20420.18413543701, 20124.133825302124, 19399.58381652832, 19736.87767982483, 20409.472703933716, 20120.949745178223, 19326.759815216064, 19727.731943130493, 20417.39511489868, 20133.930444717407, 19406.156539916992, 19705.833196640015, 20422.51181602478, 20130.46908378601, 19314.911127090454, 19716.062784194946, 20424.56340789795, 20130.629539489746, 19302.38652229309, 19690.26279449463, 20416.939973831177, 20116.82391166687, 19313.974142074585, 19706.632137298584, 20432.106733322144, 22615.50545692444, 19301.800966262817, 19705.625772476196, 20405.47227859497, 20111.893892288208, 19392.438411712646, 19709.65075492859, 20401.044368743896, 20113.376140594482, 19305.797576904297, 22222.867727279663, 20406.800031661987, 20119.672775268555, 19310.678243637085, 19715.601921081543, 20418.889045715332, 20115.512132644653, 19386.316776275635, 19692.81792640686, 20381.915807724, 20109.574794769287, 19284.46078300476, 19668.514490127563, 20395.774126052856, 20077.23879814148, 19297.088623046875, 19695.85084915161, 20423.4516620636, 20105.002403259277, 19293.426990509033, 19700.35457611084, 20386.09528541565, 20101.62115097046, 19384.508848190308, 19684.030532836914]","[(1717846000.2225418, 0), (1717846001.264957, 0), (1717846002.3056445, 0), (1717846003.346367, 0), (1717846004.3855934, 0), (1717846005.4260416, 0), (1717846006.4676285, 0), (1717846007.5107367, 0), (1717846008.5511196, 0), (1717846009.5908184, 0), (1717846010.631764, 0), (1717846011.6748998, 0), (1717846012.7143147, 0), (1717846013.7545652, 0), (1717846014.796475, 0), (1717846015.8389914, 0), (1717846016.8787124, 86), (1717846017.918847, 100), (1717846018.9590054, 100), (1717846019.999515, 99), (1717846021.0393534, 100), (1717846022.0797737, 100), (1717846023.1191518, 100), (1717846024.1586306, 100), (1717846025.1988294, 100), (1717846026.244165, 100), (1717846027.2881021, 100), (1717846028.3305516, 100), (1717846029.3725207, 99), (1717846030.4137697, 100), (1717846031.4545522, 100), (1717846032.495094, 100), (1717846033.5362642, 100), (1717846034.5770237, 100), (1717846035.6178982, 98), (1717846036.6584218, 64), (1717846037.705703, 100), (1717846038.7489917, 57)]"
5,15,300,422672.6,14,4.82,255927.676,"[21377.25830078125, 19979.756593704224, 19093.22714805603, 19592.431783676147, 21382.442474365234, 19877.548456192017, 19102.620363235474, 26530.096769332886, 21379.45795059204, 19870.05043029785, 24815.974950790405, 19564.21995162964, 21397.220611572266, 19956.28809928894, 24813.881874084473, 26516.955614089966, 21382.182121276855, 19963.722229003906, 19091.782093048096, 19579.012632369995, 21388.54455947876, 19860.249757766724, 19091.0005569458, 19582.0631980896, 28516.60919189453, 19949.684619903564, 24796.534538269043, 19587.65721321106, 21388.325691223145, 19865.312576293945, 19083.88590812683, 19584.632873535156, 28513.88931274414, 19882.71141052246, 24799.28970336914, 19567.439317703247, 21358.575582504272, 19865.686893463135, 19049.940586090088, 19567.14177131653, 21346.129179000854, 19854.10451889038, 19073.40407371521, 19570.250272750854, 21370.76711654663, 19857.887983322144, 19040.722131729126, 19564.51368331909, 21366.560220718384, 25788.7864112854, 19032.751321792603, 19571.759462356567, 21368.923902511597, 19848.459720611572, 19039.248943328857, 26498.80290031433, 21361.953020095825, 19853.14130783081, 19066.26272201538, 19547.77240753174, 21372.35188484192, 19846.798419952393, 24788.151502609253, 19542.694807052612, 21348.011255264282, 25778.16677093506, 24788.207054138184, 19552.14834213257, 21355.387926101685, 19842.62776374817, 19060.508489608765, 19561.140775680542, 21346.71688079834, 19850.598096847534, 19055.443286895752, 19533.810138702393, 28491.16325378418, 25772.95231819153, 19027.20618247986, 26486.170530319214, 21367.95973777771, 19828.701972961426, 24766.815423965454, 26476.704835891724, 28488.60192298889, 25765.005111694336, 19053.542137145996, 19552.340030670166, 21328.05585861206, 19852.992057800293, 19055.28426170349, 19458.791494369507, 28485.848665237427, 19845.149278640747, 19019.97423171997, 19547.099828720093, 21319.120407104492, 25769.042253494263, 19031.98742866516, 26476.90200805664, 28471.54712677002, 19920.96781730652, 19051.292896270752, 19527.807474136353, 21322.120428085327, 19920.9303855896, 19043.230056762695, 19542.73509979248, 21342.321634292603, 19834.020614624023, 24767.565965652466, 19537.8577709198, 21316.304683685303, 19820.6844329834, 19026.917934417725, 19534.54351425171, 21329.859495162964, 19814.22257423401, 19030.203819274902, 19536.766052246094, 21317.35134124756, 19832.64660835266, 19020.90549468994, 19541.10622406006, 21306.936740875244, 19906.935214996338, 19017.205476760864, 19540.186166763306, 21339.74599838257, 25752.906560897827, 19036.80157661438, 26466.091871261597, 21307.25359916687, 25745.954036712646, 19040.324449539185, 19529.359102249146, 28454.949617385864, 19819.173574447632, 19039.656162261963, 19439.976930618286, 21331.583499908447, 19904.04200553894, 18998.925924301147, 19502.718925476074, 21336.34853363037, 19835.576057434082, 19027.247190475464, 19523.341178894043, 21306.352853775024, 19815.926790237427, 19017.308950424194, 19429.43501472473, 21328.99260520935, 19901.769638061523, 24739.45903778076, 19430.241584777832, 28461.260557174683, 19828.612565994263, 18994.853973388672, 26446.794033050537, 21307.140350341797, 25743.617057800293, 19029.085159301758, 19489.118099212646, 28451.921224594116, 25734.54999923706, 18997.305154800415, 26448.890924453735]","[(1717846039.7932703, 0), (1717846040.835887, 0), (1717846041.878899, 0), (1717846042.9211538, 0), (1717846043.9652789, 0), (1717846045.0080898, 0), (1717846046.0503943, 0), (1717846047.0965123, 0), (1717846048.1382318, 0), (1717846049.1812782, 0), (1717846050.2233584, 0), (1717846051.264984, 0), (1717846052.309353, 0), (1717846053.35127, 0), (1717846054.3953876, 0), (1717846055.4390805, 0), (1717846056.480019, 96), (1717846057.5217614, 100), (1717846058.5651472, 100), (1717846059.60844, 100), (1717846060.6500542, 100), (1717846061.693723, 100), (1717846062.7405005, 100), (1717846063.7853572, 100), (1717846064.831696, 100), (1717846065.8770459, 100), (1717846066.9207375, 100), (1717846067.964459, 99), (1717846069.0089269, 98), (1717846070.0387428, 99), (1717846071.0830822, 100), (1717846072.1288354, 100), (1717846073.174686, 100), (1717846074.2183967, 100), (1717846075.260766, 85), (1717846076.3043993, 96), (1717846077.3473525, 100), (1717846078.387868, 99), (1717846079.4328036, 100), (1717846080.4686463, 99), (1717846081.5080156, 70), (1717846082.5447109, 39), (1717846083.585073, 34)]"
5,15,300,422672.6,16,5.11,281258.979,"[21088.72652053833, 30315.976858139038, 19986.387968063354, 19787.368059158325, 21119.13228034973, 20121.506690979004, 30247.042179107666, 19798.176288604736, 21105.699062347412, 20114.992141723633, 19976.511001586914, 19797.219038009644, 21072.344064712524, 30309.95774269104, 19909.17921066284, 19782.13095664978, 21111.234188079834, 20101.232767105103, 19962.913036346436, 19786.7271900177, 21102.102994918823, 20066.61081314087, 19896.361112594604, 30025.416374206543, 31881.864547729492, 20061.182022094727, 19897.615432739258, 30010.777950286865, 21112.53309249878, 30310.66846847534, 19896.51918411255, 19764.379501342773, 21108.665227890015, 30294.251441955566, 19897.064208984375, 30016.809701919556, 21102.42247581482, 30301.978588104248, 19957.86190032959, 30018.539667129517, 21101.383209228516, 20096.80223464966, 19892.178535461426, 19779.141664505005, 21095.64447402954, 30294.69871520996, 19874.02606010437, 29999.15051460266, 21084.508895874023, 30285.02607345581, 30217.38576889038, 30007.229804992676, 31885.268926620483, 20089.41674232483, 30218.077421188354, 29994.71688270569, 21094.719648361206, 20074.745893478394, 30198.537826538086, 30004.15301322937, 21087.40544319153, 20055.31930923462, 19854.902982711792, 19837.568998336792, 21079.519271850586, 20075.608015060425, 19948.670148849487, 19837.530374526978, 21086.374759674072, 20038.435697555542, 30198.66704940796, 19752.19202041626, 21074.700117111206, 20074.92208480835, 19873.430967330933, 19731.06861114502, 21036.936283111572, 20075.57225227356, 19939.20850753784, 19753.108024597168, 21079.796314239502, 30282.42039680481, 19848.297119140625, 29998.990297317505, 31872.384309768677, 30269.716501235962, 30189.72659111023, 19757.405042648315, 21064.462900161743, 20064.64695930481, 30189.56208229065, 29975.63409805298, 21070.882558822632, 20026.50737762451, 19928.656816482544, 19732.96570777893, 21030.837059020996, 20070.85609436035, 30194.023370742798, 19750.560998916626, 21074.57995414734, 20061.978816986084, 30191.29467010498, 19816.17522239685, 31853.78932952881, 30268.99743080139, 19934.072971343994, 19733.177423477173, 31860.270738601685, 20055.320024490356, 30187.679529190063, 29973.554849624634, 31877.915382385254, 20020.686864852905, 19926.62763595581, 19738.712072372437, 21058.330535888672, 30263.043642044067, 19840.4061794281, 29969.16651725769, 31871.76275253296, 30251.286029815674, 19919.750928878784, 19727.165460586548, 31868.29400062561, 30255.45310974121, 19855.195999145508, 19720.837831497192, 31865.957736968994, 20049.428701400757, 19850.71635246277, 19727.1625995636, 31841.398239135742, 20052.28614807129, 19852.872133255005, 19708.02330970764, 21035.64953804016, 30243.906021118164, 19825.857400894165, 19732.92112350464, 21059.123277664185, 20040.07649421692, 19817.814826965332, 19803.788423538208, 31828.535318374634, 20009.55605506897, 19847.8524684906, 19795.592546463013, 21054.20970916748, 20006.72698020935, 30161.198139190674, 19794.63529586792, 21043.70164871216, 20040.292739868164, 19903.984546661377, 19718.525171279907, 31840.72995185852, 20028.71584892273, 30157.041311264038, 19721.701860427856, 21045.475482940674, 20031.8546295166, 19909.71612930298, 19791.648149490356, 31821.850299835205, 20020.92218399048, 30148.9098072052, 29948.13847541809, 21048.431873321533, 20027.063369750977, 30166.335821151733, 19696.91276550293, 21031.327962875366, 30222.142457962036, 19815.808296203613, 19711.974382400513, 31836.477756500244, 20028.980493545532, 19807.39402770996, 19686.532258987427, 31833.36591720581, 20028.419494628906, 19833.309412002563, 29946.83790206909, 21032.340049743652, 20033.230304718018, 30148.168802261353, 29955.050468444824, 21030.109405517578, 20027.044534683228, 19817.35324859619, 19710.660934448242]","[(1717846084.6253645, 0), (1717846085.662716, 0), (1717846086.6998043, 0), (1717846087.738723, 0), (1717846088.7769456, 0), (1717846089.8164988, 0), (1717846090.8544211, 0), (1717846091.891462, 21), (1717846092.941458, 0), (1717846093.978508, 0), (1717846095.0156434, 0), (1717846096.0547707, 0), (1717846097.0941203, 0), (1717846098.131897, 0), (1717846099.1756487, 0), (1717846100.2134287, 0), (1717846101.2507553, 50), (1717846102.289933, 100), (1717846103.3300781, 100), (1717846104.3691723, 100), (1717846105.4085, 99), (1717846106.4488597, 100), (1717846107.4884393, 100), (1717846108.5279784, 96), (1717846109.5670693, 100), (1717846110.6068754, 100), (1717846111.6457722, 100), (1717846112.6853554, 99), (1717846113.7562308, 100), (1717846114.797739, 100), (1717846115.8397536, 100), (1717846116.8802178, 99), (1717846117.9222636, 99), (1717846118.9641037, 100), (1717846120.003903, 100), (1717846121.0438378, 46), (1717846122.083917, 97), (1717846123.1234229, 100), (1717846124.1632435, 100), (1717846125.2026086, 100), (1717846126.242548, 100), (1717846127.2835302, 100), (1717846128.3241029, 100), (1717846129.362085, 100), (1717846130.4019227, 100), (1717846131.439854, 48)]"